{"cameraMode":{"drawMode":2,"name":"Shaded Wireframe","section":"Shading Mode"},"sceneLighting":false,"audioPlay":false,"sceneViewState":{"showFog":true,"showMaterialUpdate":false,"showSkybox":false,"showFlares":true,"showImageEffects":true,"showParticleSystems":true},"in2DMode":false,"pivot":{"x":-1.8992220163345338,"y":0.9063872694969177,"z":3.211164951324463},"rotation":{"x":0.07725313305854798,"y":0.041861940175294879,"z":-0.0032465478871017696,"w":0.9961289167404175},"size":2.36602520942688,"orthographic":false}