{"cameraMode":{"drawMode":2,"name":"Shaded Wireframe","section":"Shading Mode"},"sceneLighting":true,"audioPlay":false,"sceneViewState":{"showFog":true,"showMaterialUpdate":false,"showSkybox":true,"showFlares":true,"showImageEffects":true,"showParticleSystems":true},"in2DMode":false,"pivot":{"x":1.7974815368652344,"y":-0.5864048004150391,"z":5.387936115264893},"rotation":{"x":-0.17850874364376069,"y":0.5988197922706604,"z":-0.13914240896701814,"w":-0.76823890209198},"size":5.378145694732666,"orthographic":false}